<?xml version="1.0" encoding="utf-8"?>
<browserconfig>
    <msapplication>
        <tile>
            <square70x70logo src="/assets/icons/mstile-70x70.png"/>
            <square150x150logo src="/assets/icons/mstile-150x150.png"/>
            <square310x310logo src="/assets/icons/mstile-310x310.png"/>
            <wide310x150logo src="/assets/icons/mstile-310x150.png"/>
            <TileColor>#1e3a8a</TileColor>
        </tile>
        <notification>
            <polling-uri src="https://805hvacpro.com/notifications/"/>
            <frequency>30</frequency>
            <cycle>1</cycle>
        </notification>
    </msapplication>
</browserconfig>