{
  "name": "805 HVAC Pro - Professional HVAC Services in Thousand Oaks",
  "short_name": "805 HVAC Pro",
  "description": "Elite HVAC services for discerning clients in Thousand Oaks, Westlake Village, and the 805 area.",
  "start_url": "/",
  "display": "standalone",
  "background_color": "#1e3a8a",
  "theme_color": "#1e3a8a",
  "orientation": "portrait-primary",
  "scope": "/",
  "lang": "en-US",
  "categories": ["business", "productivity", "utilities"],
  "icons": [
    {
      "src": "/favicon.svg",
      "sizes": "any",
      "type": "image/svg+xml",
      "purpose": "any maskable"
    },
    {
      "src": "/assets/icons/favicon-16x16.png",
      "sizes": "16x16",
      "type": "image/png"
    },
    {
      "src": "/assets/icons/favicon-32x32.png",
      "sizes": "32x32",
      "type": "image/png"
    },
    {
      "src": "/assets/icons/apple-touch-icon.png",
      "sizes": "180x180",
      "type": "image/png"
    },
    {
      "src": "/assets/icons/android-chrome-192x192.png",
      "sizes": "192x192",
      "type": "image/png"
    },
    {
      "src": "/assets/icons/android-chrome-512x512.png",
      "sizes": "512x512",
      "type": "image/png"
    }
  ],
  "shortcuts": [
    {
      "name": "Contact Us",
      "short_name": "Contact",
      "description": "Get in touch with 805 HVAC Pro",
      "url": "/contact.html",
      "icons": [
        {
          "src": "/assets/icons/contact-icon-96x96.png",
          "sizes": "96x96"
        }
      ]
    },
    {
      "name": "Our Services",
      "short_name": "Services",
      "description": "View our HVAC services",
      "url": "/services.html",
      "icons": [
        {
          "src": "/assets/icons/services-icon-96x96.png",
          "sizes": "96x96"
        }
      ]
    },
    {
      "name": "Call Now",
      "short_name": "Call",
      "description": "Call (805) 668-8329",
      "url": "tel:8056688329",
      "icons": [
        {
          "src": "/assets/icons/phone-icon-96x96.png",
          "sizes": "96x96"
        }
      ]
    }
  ],
  "related_applications": [],
  "prefer_related_applications": false
}